,theta,returns
0,-0.04420207436489321,0.08708373876663514
1,0.10365423808915253,0.19620562744195894
2,-0.03191262441712528,0.06353742931949899
3,0.1292607126217593,-0.2452670562087102
