,theta,when_adopt_1,when_adopt_2,when_adopt_3,traj_sum,returns
000,-0.04790817026860594,0,0,0,0,-0.22309096787474753
001,0.021088317428370473,0,0,1,1,0.3007501608038932
010,0.06044179173246267,0,1,0,1,-0.3450445757143438
011,-0.786192232753236,0,1,1,2,0.607886758075785
100,0.13167459266997117,1,0,0,1,-0.425220857370661
101,0.12191115143619147,1,0,1,2,-0.41423158832617746
110,0.4670875933480305,1,1,0,2,-0.8027459140807951
111,0.433059894565047,1,1,1,3,-0.7644459409527662
